id;title;description;release_year;age_certification;runtime;genres;production_country;seasons
1052;Handmade Cotton Towels;The Football Is Good For Training And Recreational Purposes;1979;AL;246;Horror;TJK;2
15795;Incredible Soft Bike;New range of formal shirts are designed keeping you in mind. With fits and styling that will make you stand apart;1967;M;72;War,Political,Teen,Mystery;SOM;0
35274;Handcrafted Bronze Chair;The slim & simple Maple Gaming Keyboard from Dev Byte comes with a sleek body and 7- Color RGB LED Back-lighting for smart functionality;2002;TV-Y;208;Comedy,Disaster,Sports,Short;LIE;4
44476;Intelligent Frozen Hat;The Football Is Good For Training And Recreational Purposes;1978;12A;196;Superhero;POL;0
37089;Handmade Soft Bike;The Nagasaki Lander is the trademarked name of several series of Nagasaki sport bikes, that started with the 1984 ABC800J;1964;CA;222;Silent,Found Footage;HMD;6
7128;Incredible Cotton Computer;The Nagasaki Lander is the trademarked name of several series of Nagasaki sport bikes, that started with the 1984 ABC800J;1996;GP;168;Family,Historical,Performance,Short;MOZ;8
225;Modern Granite Bacon;The Football Is Good For Training And Recreational Purposes;2001;NC-17;248;Fantasy;PAK;0
61363;Intelligent Frozen Salad;New range of formal shirts are designed keeping you in mind. With fits and styling that will make you stand apart;1976;M;87;Superhero,Supernatural;RUS;2
28681;Elegant Granite Table;The slim & simple Maple Gaming Keyboard from Dev Byte comes with a sleek body and 7- Color RGB LED Back-lighting for smart functionality;1999;E;41;Drama,Action,Silent,Supernatural;LTU;8
35292;Ergonomic Fresh Salad;The Nagasaki Lander is the trademarked name of several series of Nagasaki sport bikes, that started with the 1984 ABC800J;1978;Eqv;-45;Musical;KWT;0
19915;Oriental Bronze Cheese;Boston's most advanced compression wear technology increases muscle oxygenation, stabilizes active muscles;2023;rhu;278;Legal,Animated,Mystery;BRA;0
15223;Unbranded Fresh Pants;New range of formal shirts are designed keeping you in mind. With fits and styling that will make you stand apart;1983;PG;203;Crime;KNA;4
20127;Practical Wooden Chicken;The Nagasaki Lander is the trademarked name of several series of Nagasaki sport bikes, that started with the 1984 ABC800J;1996;PG;42;Animated,Political;VGB;0
9050;Intelligent Granite Chair;Carbonite web goalkeeper gloves are ergonomically designed to give easy fit;1995;M;151;Dance;NGA;10
29383;Handmade Metal Pizza;The Nagasaki Lander is the trademarked name of several series of Nagasaki sport bikes, that started with the 1984 ABC800J;1992;TV-PG;215;Satire,Romance,Dance;GAB;0
46127;Generic Plastic Pants;Boston's most advanced compression wear technology increases muscle oxygenation, stabilizes active muscles;2016;18;246;Western,Mystery,Fantasy,Found Footage;ZWE;10
56076;Ergonomic Rubber Towels;Boston's most advanced compression wear technology increases muscle oxygenation, stabilizes active muscles;2007;S;148;Martial Arts,Noir,War;MAF;2
61181;Oriental Wooden Computer;The Apollotech B340 is an affordable wireless mouse with reliable connectivity, 12 months battery life and modern design;2017;E;157;Horror;VIR;5
22892;Tasty Rubber Shirt;The automobile layout consists of a front-engine design, with transaxle-type transmissions mounted at the rear of the engine and four wheel drive;2006;KXM;227;War,Comedy,Drama,Western;SLV;9
52040;Ergonomic Rubber Chips;Ergonomic executive chair upholstered in bonded black leather and PVC padded seat and back for all-day comfort and support;1975;S;221;Legal,Martial Arts,Superhero;AUT;0
44865;Elegant Cotton Tuna;The beautiful range of Apple Naturalé that has an exciting mix of natural ingredients. With the Goodness of 100% Natural Ingredients;1981;18R;25;Teen,Family,Independent,Romance;BHR;6
19550;Incredible Granite Mouse;The automobile layout consists of a front-engine design, with transaxle-type transmissions mounted at the rear of the engine and four wheel drive;1970;6;72;Adventure,Suspense,Satire,Musical;NGA;0
49014;Recycled Steel Bacon;Ergonomic executive chair upholstered in bonded black leather and PVC padded seat and back for all-day comfort and support;2018;6;294;Adventure,War,Live Action,Fantasy;LSO;0
32745;Recycled Plastic Ball;New ABC 13 9370, 13.3, 5th Gen CoreA5-8250U, 8GB RAM, 256GB SSD, power UHD Graphics, OS 10 Home, OS Office A & J 2016;1974;R18;272;Spy,Disaster,Martial Arts,Animated;BRA;6
45818;Licensed Frozen Chips;New range of formal shirts are designed keeping you in mind. With fits and styling that will make you stand apart;1975;PG;45;Independent,Supernatural,Historical,Comedy;NAM;0
34111;Licensed Steel Soap;The beautiful range of Apple Naturalé that has an exciting mix of natural ingredients. With the Goodness of 100% Natural Ingredients;1997;R21;285;FldOhh;WSM;5
44137;Electronic Plastic Sausages;Ergonomic executive chair upholstered in bonded black leather and PVC padded seat and back for all-day comfort and support;2018;12;71;Fantasy;COL;0
40829;Sleek Steel Shoes;The slim & simple Maple Gaming Keyboard from Dev Byte comes with a sleek body and 7- Color RGB LED Back-lighting for smart functionality;2001;15;224;Family,Live Action,Martial Arts,Supernatural;NER;0
61799;Recycled Fresh Pants;The slim & simple Maple Gaming Keyboard from Dev Byte comes with a sleek body and 7- Color RGB LED Back-lighting for smart functionality;1989;NC-17;207;Action;PAK;0
10875;Small Metal Table;The Nagasaki Lander is the trademarked name of several series of Nagasaki sport bikes, that started with the 1984 ABC800J;2018;E;220;Live Action,Performance;VUT;3
20402;Awesome Granite Chips;The Nagasaki Lander is the trademarked name of several series of Nagasaki sport bikes, that started with the 1984 ABC800J;2006;G;187;Biography,Adventure,Science Fiction,Action;CYM;11
35446;Ergonomic Metal Gloves;New ABC 13 9370, 13.3, 5th Gen CoreA5-8250U, 8GB RAM, 256GB SSD, power UHD Graphics, OS 10 Home, OS Office A & J 2016;1251;6;54;Comedy,Thriller;MRT;11
32062;Luxurious Soft Gloves;The Nagasaki Lander is the trademarked name of several series of Nagasaki sport bikes, that started with the 1984 ABC800J;2005;GP;55;Western;BMU;0
35965;Handcrafted Plastic Bacon;Andy shoes are designed to keeping in mind durability as well as trends, the most stylish range of shoes & sandals;2014;12;224;Drama;VEN;1
38098;Tasty Fresh Salad;The Football Is Good For Training And Recreational Purposes;1982;S;213;cjtiGz;MLT;0
47885;Incredible Fresh Shoes;The Nagasaki Lander is the trademarked name of several series of Nagasaki sport bikes, that started with the 1984 ABC800J;1969;E;297;Found Footage;BOL;11
38259;Elegant Wooden Shoes;The beautiful range of Apple Naturalé that has an exciting mix of natural ingredients. With the Goodness of 100% Natural Ingredients;2014;qCQ;65;Family,Science Fiction;TLS;10
476;Small Granite Salad;Andy shoes are designed to keeping in mind durability as well as trends, the most stylish range of shoes & sandals;1971;M;216;Drama,Adventure,Performance,Live Action;AZE;3
10318;Awesome Plastic Car;The Football Is Good For Training And Recreational Purposes;2009;R21;198;Found Footage;ESP;0
56383;Practical Concrete Car;New ABC 13 9370, 13.3, 5th Gen CoreA5-8250U, 8GB RAM, 256GB SSD, power UHD Graphics, OS 10 Home, OS Office A & J 2016;1965;M;250;Martial Arts;NGA;4
178;Luxurious Metal Bacon;Carbonite web goalkeeper gloves are ergonomically designed to give easy fit;2007;6;52;Teen,Silent,Suspense;CHE;0
46413;Unbranded Granite Pants;The Apollotech B340 is an affordable wireless mouse with reliable connectivity, 12 months battery life and modern design;1982;qbg;117;Independent,Western;SYR;7
20363;Luxurious Bronze Salad;New ABC 13 9370, 13.3, 5th Gen CoreA5-8250U, 8GB RAM, 256GB SSD, power UHD Graphics, OS 10 Home, OS Office A & J 2016;2005;18R;155;Political,Martial Arts,Biography;MNE;0
61071;Elegant Rubber Shirt;Andy shoes are designed to keeping in mind durability as well as trends, the most stylish range of shoes & sandals;1971;GP;-50;Short,Suspense,Historical,Romance;NPL;0
60463;Sleek Granite Chicken;Boston's most advanced compression wear technology increases muscle oxygenation, stabilizes active muscles;2000;cPP;118;Musical,Mystery,Science Fiction;LCA;11
20292;Rustic Rubber Shoes;The beautiful range of Apple Naturalé that has an exciting mix of natural ingredients. With the Goodness of 100% Natural Ingredients;2009;TV-PG;114;Political,Fantasy;EST;10
36410;Handmade Fresh Shirt;Ergonomic executive chair upholstered in bonded black leather and PVC padded seat and back for all-day comfort and support;2005;R16;139;Erotic,Thriller;MTQ;3
44530;Handmade Metal Cheese;Ergonomic executive chair upholstered in bonded black leather and PVC padded seat and back for all-day comfort and support;1994;PG;18;Satire,Musical,Western;CUW;1
4717;Electronic Frozen Bike;New ABC 13 9370, 13.3, 5th Gen CoreA5-8250U, 8GB RAM, 256GB SSD, power UHD Graphics, OS 10 Home, OS Office A & J 2016;1973;TV-14;239;Supernatural;GUM;1
11335;Sleek Cotton Chips;Carbonite web goalkeeper gloves are ergonomically designed to give easy fit;1985;M/PG;290;Teen,Short,Western,Slasher;CHN;0
58061;Handmade Soft Cheese;The Apollotech B340 is an affordable wireless mouse with reliable connectivity, 12 months battery life and modern design;2008;R18+;73;Romance,Political,Action;MAR;12
11550;Incredible Bronze Chair;The Apollotech B340 is an affordable wireless mouse with reliable connectivity, 12 months battery life and modern design;1965;TuE;98;Fantasy;ARM;0
8665;Bespoke Soft Table;Carbonite web goalkeeper gloves are ergonomically designed to give easy fit;1967;TV-Y;253;Family;JPN;0
15697;Refined Soft Towels;The Apollotech B340 is an affordable wireless mouse with reliable connectivity, 12 months battery life and modern design;2014;18R;119;Spy,Documentary,Superhero;COM;7
3712;Handmade Granite Table;The beautiful range of Apple Naturalé that has an exciting mix of natural ingredients. With the Goodness of 100% Natural Ingredients;2000;TV-MA;70;Supernatural;PER;8
23380;Oriental Steel Sausages;New ABC 13 9370, 13.3, 5th Gen CoreA5-8250U, 8GB RAM, 256GB SSD, power UHD Graphics, OS 10 Home, OS Office A & J 2016;1973;EC;169;Teen,Sports;NAM;6
2995;Awesome Wooden Cheese;New ABC 13 9370, 13.3, 5th Gen CoreA5-8250U, 8GB RAM, 256GB SSD, power UHD Graphics, OS 10 Home, OS Office A & J 2016;2000;Aqg;11;Silent,Fantasy,Animated,Crime;NIU;2
43254;Licensed Soft Car;Boston's most advanced compression wear technology increases muscle oxygenation, stabilizes active muscles;1984;E10+;184;Science Fiction;ASM;0
23179;Modern Steel Shoes;The Nagasaki Lander is the trademarked name of several series of Nagasaki sport bikes, that started with the 1984 ABC800J;1998;R;280;Superhero,Independent,Comedy,War;PRT;1
46898;Intelligent Frozen Tuna;Carbonite web goalkeeper gloves are ergonomically designed to give easy fit;1976;AL;188;Satire,Horror;RUS;0
32194;Luxurious Fresh Soap;Ergonomic executive chair upholstered in bonded black leather and PVC padded seat and back for all-day comfort and support;2005;dtu;217;Suspense,Silent,Western,Teen;ARE;0
19747;Licensed Granite Shirt;The automobile layout consists of a front-engine design, with transaxle-type transmissions mounted at the rear of the engine and four wheel drive;2023;M;-48;FYbTLO;DZA;0
60173;Recycled Wooden Mouse;The Nagasaki Lander is the trademarked name of several series of Nagasaki sport bikes, that started with the 1984 ABC800J;1976;MA15+;135;Adventure,Romance,Western;GIN;4
43644;Unbranded Plastic Chair;The beautiful range of Apple Naturalé that has an exciting mix of natural ingredients. With the Goodness of 100% Natural Ingredients;1992;GP;27;Disaster,Biography,Sports;SHN;6
25394;Incredible Metal Chair;The beautiful range of Apple Naturalé that has an exciting mix of natural ingredients. With the Goodness of 100% Natural Ingredients;1985;E;45;Fantasy,Disaster;MDA;5
38265;Gorgeous Plastic Table;Andy shoes are designed to keeping in mind durability as well as trends, the most stylish range of shoes & sandals;1983;15;174;Musical,Biography,Drama,Teen;CHN;0
50561;Handcrafted Metal Mouse;Ergonomic executive chair upholstered in bonded black leather and PVC padded seat and back for all-day comfort and support;2015;TV-Y;210;Silent,Musical;CUB;0
43230;Small Steel Sausages;New range of formal shirts are designed keeping you in mind. With fits and styling that will make you stand apart;1993;skk;204;Erotic,Horror,Political,Legal;GRL;12
10974;Sleek Concrete Tuna;The Apollotech B340 is an affordable wireless mouse with reliable connectivity, 12 months battery life and modern design;1981;ylc;209;Slasher;WLF;0
44892;Recycled Granite Hat;The beautiful range of Apple Naturalé that has an exciting mix of natural ingredients. With the Goodness of 100% Natural Ingredients;1992;TV-PG;56;Animated;CAF;0
38116;Gorgeous Steel Sausages;Andy shoes are designed to keeping in mind durability as well as trends, the most stylish range of shoes & sandals;1972;C;122;Documentary,Animated,Sports;IDN;2
4525;Sleek Steel Gloves;The slim & simple Maple Gaming Keyboard from Dev Byte comes with a sleek body and 7- Color RGB LED Back-lighting for smart functionality;1993;18R;42;Silent;BDI;2
29880;Handmade Soft Chicken;Carbonite web goalkeeper gloves are ergonomically designed to give easy fit;2016;E;287;Family,Romance,Drama;COL;0
56840;Incredible Fresh Shoes;The Apollotech B340 is an affordable wireless mouse with reliable connectivity, 12 months battery life and modern design;2018;GP;-1;ahTmKf;GEO;0
38632;Generic Plastic Towels;New ABC 13 9370, 13.3, 5th Gen CoreA5-8250U, 8GB RAM, 256GB SSD, power UHD Graphics, OS 10 Home, OS Office A & J 2016;2022;12;148;Legal;CIV;0
50143;Bespoke Frozen Hat;The automobile layout consists of a front-engine design, with transaxle-type transmissions mounted at the rear of the engine and four wheel drive;2011;CA;224;Sports,Western,Drama;CRI;1
58666;Luxurious Bronze Mouse;New range of formal shirts are designed keeping you in mind. With fits and styling that will make you stand apart;1966;USq;119;Drama,Romance,Comedy;CHL;12
36646;Rustic Metal Soap;The Apollotech B340 is an affordable wireless mouse with reliable connectivity, 12 months battery life and modern design;2016;qcG;114;Slasher;MDA;0
47676;Elegant Plastic Pizza;Ergonomic executive chair upholstered in bonded black leather and PVC padded seat and back for all-day comfort and support;1983;18R;88;Found Footage,Biography;COL;3
2443;Fantastic Frozen Sausages;Andy shoes are designed to keeping in mind durability as well as trends, the most stylish range of shoes & sandals;1993;G;244;War;GTM;2
32181;Gorgeous Frozen Table;The Apollotech B340 is an affordable wireless mouse with reliable connectivity, 12 months battery life and modern design;1982;TV-G;-3;Romance,Action,Martial Arts,Slasher;OMN;0
17980;Gorgeous Cotton Sausages;New range of formal shirts are designed keeping you in mind. With fits and styling that will make you stand apart;2017;R18+;74;Dance,War,Silent,Erotic;NPL;0
24809;Ergonomic Soft Gloves;The automobile layout consists of a front-engine design, with transaxle-type transmissions mounted at the rear of the engine and four wheel drive;2004;R18+;86;Horror;VNM;0
6255;Bespoke Rubber Chips;The Nagasaki Lander is the trademarked name of several series of Nagasaki sport bikes, that started with the 1984 ABC800J;2021;C;74;Erotic;BEN;0
44294;Ergonomic Fresh Bacon;New range of formal shirts are designed keeping you in mind. With fits and styling that will make you stand apart;1964;X18;12;Live Action,Teen,Spy;ZMB;0
63943;Intelligent Rubber Cheese;The Nagasaki Lander is the trademarked name of several series of Nagasaki sport bikes, that started with the 1984 ABC800J;1410;CA;129;Musical,Legal,Disaster,Horror;CPV;0
27739;Practical Cotton Ball;The automobile layout consists of a front-engine design, with transaxle-type transmissions mounted at the rear of the engine and four wheel drive;2005;15;50;Martial Arts,Short,Found Footage,Historical;TCD;4
28500;Bespoke Plastic Shirt;Carbonite web goalkeeper gloves are ergonomically designed to give easy fit;2004;18R;89;Drama,Satire;RUS;7
53987;Practical Fresh Chips;The slim & simple Maple Gaming Keyboard from Dev Byte comes with a sleek body and 7- Color RGB LED Back-lighting for smart functionality;1990;TV-MA;288;Silent,Independent;COM;0
9486;Modern Steel Pants;New ABC 13 9370, 13.3, 5th Gen CoreA5-8250U, 8GB RAM, 256GB SSD, power UHD Graphics, OS 10 Home, OS Office A & J 2016;1966;PG;232;Performance,Animated;SVN;11
3267;Modern Concrete Chicken;The beautiful range of Apple Naturalé that has an exciting mix of natural ingredients. With the Goodness of 100% Natural Ingredients;2000;C;29;Legal,Short,Drama;NOR;7
24120;Electronic Granite Sausages;The Nagasaki Lander is the trademarked name of several series of Nagasaki sport bikes, that started with the 1984 ABC800J;2020;TV-Y;77;Slasher,Short,War,Mystery;PCN;4
6960;Fantastic Soft Towels;The beautiful range of Apple Naturalé that has an exciting mix of natural ingredients. With the Goodness of 100% Natural Ingredients;1979;12A;106;Superhero,Adventure,Live Action,Dance;LAO;10
15747;Sleek Steel Shirt;The slim & simple Maple Gaming Keyboard from Dev Byte comes with a sleek body and 7- Color RGB LED Back-lighting for smart functionality;2022;X18;113;Political,Noir,Live Action;MYS;0
4012;Handcrafted Frozen Ball;The Apollotech B340 is an affordable wireless mouse with reliable connectivity, 12 months battery life and modern design;1970;M/PG;144;Biography,Silent,Western,War;GNB;3
27411;Practical Granite Sausages;Andy shoes are designed to keeping in mind durability as well as trends, the most stylish range of shoes & sandals;1989;GP;-17;Noir;CAF;0
10026;Gorgeous Frozen Shoes;The Nagasaki Lander is the trademarked name of several series of Nagasaki sport bikes, that started with the 1984 ABC800J;1468;12A;278;War,Sports;SGS;0
156;Recycled Steel Chair;Ergonomic executive chair upholstered in bonded black leather and PVC padded seat and back for all-day comfort and support;2017;TV-MA;248;Erotic,Teen,Adventure;REU;5
3943;Electronic Fresh Table;Andy shoes are designed to keeping in mind durability as well as trends, the most stylish range of shoes & sandals;1990;18;13;Martial Arts,Sports,Biography,Musical;GLP;0
8786;Sleek Plastic Shoes;Carbonite web goalkeeper gloves are ergonomically designed to give easy fit;1230;A;111;eVdQcL;FRO;2
40114;Fantastic Bronze Cheese;The Nagasaki Lander is the trademarked name of several series of Nagasaki sport bikes, that started with the 1984 ABC800J;2004;TV-Y;144;Sports,Documentary,Spy;ARG;8
42073;Sleek Plastic Keyboard;The Apollotech B340 is an affordable wireless mouse with reliable connectivity, 12 months battery life and modern design;2009;C;140;Adventure,Martial Arts,Action,Live Action;USA;6
35522;Oriental Concrete Towels;The automobile layout consists of a front-engine design, with transaxle-type transmissions mounted at the rear of the engine and four wheel drive;1992;6;105;Biography,Found Footage,Romance,Silent;BES;4
52401;Oriental Metal Towels;New range of formal shirts are designed keeping you in mind. With fits and styling that will make you stand apart;1565;15;144;CLjqqh;LVA;0
37647;Tasty Frozen Car;The slim & simple Maple Gaming Keyboard from Dev Byte comes with a sleek body and 7- Color RGB LED Back-lighting for smart functionality;2009;G;90;fxDLFi;SVK;0
13850;Luxurious Plastic Soap;Boston's most advanced compression wear technology increases muscle oxygenation, stabilizes active muscles;2001;jAX;15;Romance;MNG;6
26015;Sleek Metal Table;The Apollotech B340 is an affordable wireless mouse with reliable connectivity, 12 months battery life and modern design;2022;YQi;150;Adventure,Legal;HRV;1
23079;Awesome Steel Mouse;The Nagasaki Lander is the trademarked name of several series of Nagasaki sport bikes, that started with the 1984 ABC800J;1989;M;32;Performance,Documentary,Romance;BHS;4
41674;Ergonomic Frozen Sausages;The automobile layout consists of a front-engine design, with transaxle-type transmissions mounted at the rear of the engine and four wheel drive;2005;S;47;NgUdpy;ARM;9
33028;Sleek Granite Bacon;The beautiful range of Apple Naturalé that has an exciting mix of natural ingredients. With the Goodness of 100% Natural Ingredients;2004;CA;124;VqFuET;IRN;0
21596;Rustic Concrete Gloves;The Football Is Good For Training And Recreational Purposes;1989;R18;70;Family,Western,Documentary;FLK;0
57485;Practical Cotton Keyboard;The automobile layout consists of a front-engine design, with transaxle-type transmissions mounted at the rear of the engine and four wheel drive;1985;12;33;Crime,Dance,Satire;TKL;3
10137;Handcrafted Concrete Towels;The Apollotech B340 is an affordable wireless mouse with reliable connectivity, 12 months battery life and modern design;1979;M/PG;265;Mystery,Live Action,Comedy,Documentary;ESH;0
63289;Handcrafted Cotton Soap;The automobile layout consists of a front-engine design, with transaxle-type transmissions mounted at the rear of the engine and four wheel drive;2015;18;126;Erotic,Historical,Documentary,Performance;BDI;0